1101,臺灣水泥股份有限公司,	11913502,1962/02/09
1102,亞洲水泥股份有限公司,	03244509,1962/06/08
1103,嘉新水泥股份有限公司,	11892801,1969/11/14
1104,環球水泥股份有限公司,	07568009,1971/02/01
1108,幸福水泥股份有限公司,	40601248,1990/06/06
1109,信大水泥股份有限公司,	03279507,1991/12/05
1110,東南水泥股份有限公司,	83078600,1994/10/22
1201,味全食品工業股份有限公司,	11347802,1962/02/09
1203,味王股份有限公司,	07067309,1964/08/24
1210,大成長城企業股份有限公司,	73008303,1978/05/20
1213,大西洋飲料股份有限公司,	35012903,1981/04/10
1215,台灣卜蜂企業股份有限公司,	36514783,1987/07/27
1216,統一企業股份有限公司,	73251209,1987/12/28
1217,愛之味股份有限公司,	65534366,1989/10/28
1218,泰山企業股份有限公司,	59661701,1989/11/11
1219,福壽實業股份有限公司,	56192402,1990/12/01
1220,台榮產業股份有限公司,	03543210,1991/11/20
1225,福懋油脂股份有限公司,	22102298,1993/09/27
1227,佳格食品股份有限公司,	22102473,1994/04/09
1229,聯華實業控股股份有限公司,	11996904,1976/07/19
1231,聯華食品工業股份有限公司,	07569627,1995/11/02
1232,大統益股份有限公司,	20927014,1996/02/09
1233,天仁茶業股份有限公司,	18559415,1999/01/20
1234,黑松股份有限公司,	20651901,1999/03/12
1235,興泰實業股份有限公司,	85617982,2000/09/11
1236,宏亞食品股份有限公司,	34106066,2001/09/17
1256,鮮活控股股份有限公司,	37759808,2016/03/17
1301,台灣塑膠工業股份有限公司,	75708007,1964/07/27
1303,南亞塑膠工業股份有限公司,	75370905,1967/11/05
1304,台灣聚合化學品股份有限公司,	11917107,1972/05/20
1305,華夏海灣塑膠股份有限公司,	11686106,1973/03/05
1307,三芳化學工業股份有限公司,	83387850,1985/11/23
1308,亞洲聚合股份有限公司,	20747385,1986/06/20
1309,台達化學工業股份有限公司,	11893409,1986/06/27
1310,台灣苯乙烯工業股份有限公司,	20844865,1987/08/06
1312,國喬石油化學股份有限公司,	04212250,1988/12/21
1313,聯成化學科技股份有限公司,	04748660,1989/03/27
1314,中國石油化學工業開發(股)公司,	03084741,1991/07/12
1315,達新工業股份有限公司,	51059101,1992/05/09
1316,上曜建設開發股份有限公司,	73654033,1992/10/15
1319,東陽實業廠股份有限公司,	68326665,1994/12/12
1321,大洋塑膠工業股份有限公司,	15024509,1999/01/26
1323,永裕塑膠工業股份有限公司,	68192103,2000/09/11
1324,地球綜合工業股份有限公司,	07147916,2000/09/11
1325,恒大股份有限公司,	11455800,2000/09/11
1326,台灣化學纖維股份有限公司,	58650902,1984/12/20
1337,亞洲塑膠再生資源控股有限公司,	26068617,2011/08/17
1338,廣華控股有限公司,	26594386,2012/12/19
1339,昭輝實業股份有限公司,	22078327,2012/04/24
1340,勝悅新材料有限公司,	37722768,2014/01/14
1341,富林塑膠工業(開曼)控股(股)公司,	82716171,2018/12/24
1342,八貫企業股份有限公司,	12386676,2020/11/24
1402,遠東新世紀股份有限公司,	03522600,1967/04/14
1409,新光合成纖維股份有限公司,	07435515,1973/08/31
1410,南洋染整股份有限公司,	35286207,1973/10/18
1413,宏洲纖維工業股份有限公司,	07220710,1975/12/23
1414,東和紡織股份有限公司,	73141105,1976/02/02
1416,廣豐實業股份有限公司,	43434316,1976/04/20
1417,嘉裕股份有限公司,	11825825,1976/12/28
1418,東華龍股份有限公司,	11083148,1977/02/14
1419,新光紡織股份有限公司,	07435901,1977/03/14
1423,利華羊毛工業股份有限公司,	11311608,1979/04/02
1432,大魯閣實業股份有限公司,	04690983,1982/07/26
1434,福懋興業股份有限公司,	14001199,1985/12/24
1435,中福國際(股)公司,	03101946,1987/12/28
1436,華友聯開發股份有限公司,	07510318,1988/04/11
1437,勤益投資控股股份有限公司,	35535607,1988/11/10
1438,三地開發地產股份有限公司,	03561011,1988/12/15
1439,雋揚國際股份有限公司,	11113403,1989/05/22
1440,臺南紡織股份有限公司,	68919301,1989/10/03
1441,大東紡織股份有限公司,	51037304,1989/10/27
1442,名軒開發股份有限公司,	04615057,1989/11/16
1443,立益物流開發股份有限公司,	04287483,1990/04/21
1444,力麗企業股份有限公司,	07663290,1990/08/08
1445,大宇紡織股份有限公司,	07015014,1991/02/05
1446,宏和精密紡織股份有限公司,	73641170,1991/10/15
1447,力鵬企業股份有限公司,	33955322,1992/01/28
1449,佳和實業股份有限公司,	72055019,1992/05/06
1451,年興紡織股份有限公司,	22266307,1992/12/21
1452,宏益纖維工業股份有限公司,	43121481,1992/12/28
1453,大將開發股份有限公司,	07617901,1993/04/19
1454,台灣富綢纖維股份有限公司,	04301794,1993/05/07
1455,集盛實業股份有限公司,	43295237,1993/10/07
1456,怡華實業股份有限公司,	33144175,1993/12/09
1457,宜進實業股份有限公司,	07669338,1994/10/20
1459,聯發紡織纖維股份有限公司,	33653494,1994/10/26
1460,宏遠興業股份有限公司,	22817999,1995/04/28
1463,強盛新股份有限公司,	07715023,1996/12/05
1464,得力實業股份有限公司,	73686632,1997/01/18
1465,偉全實業股份有限公司,	33700601,1997/09/08
1466,聚隆纖維股份有限公司,	22976047,1998/04/04
1467,南緯實業股份有限公司,	69559487,1998/12/21
1468,昶和纖維興業股份有限公司,	36123364,1999/01/21
1470,大統新創股份有限公司,	22267777,1999/05/21
1471,首利實業股份有限公司,	07699023,2000/03/06
1472,三洋實業股份有限公司,	07029919,2000/09/11
1473,台南企業股份有限公司,	68919702,2000/09/11
1474,弘裕企業股份有限公司,	58003997,2000/10/31
1475,台灣業旺股份有限公司,	23912057,2000/10/27
1476,儒鴻企業股份有限公司,	35884479,2001/04/18
1477,聚陽實業股份有限公司,	23609668,2003/01/21
1503,士林電機廠股份有限公司,	11039306,1969/12/15
1504,東元電機股份有限公司,	11332202,1973/11/05
1506,正道工業股份有限公司,	68193807,1980/08/11
1512,瑞利企業股份有限公司,	85330636,1994/01/28
1513,中興電工機械股份有限公司,	33029464,1994/03/08
1514,亞力電機股份有限公司,	03213392,1994/03/26
1515,力山工業股份有限公司,	55759180,1995/02/04
1516,川飛能源股份有限公司,	22071751,1995/04/01
1517,利奇機械工業股份有限公司,	59008318,1995/11/14
1519,華城電機股份有限公司,	33284077,1997/04/16
1521,大億交通工業製造股份有限公司,	69408876,1997/10/06
1522,堤維西交通工業股份有限公司,	22269487,1997/10/06
1524,耿鼎企業股份有限公司,	22081250,1998/10/30
1525,江申工業股份有限公司,	35129100,1999/05/15
1526,日馳企業股份有限公司,	11099726,2000/03/27
1527,鑽全實業股份有限公司,	20982120,2000/06/21
1528,恩德科技股份有限公司,	11551634,2000/09/11
1529,樂事綠能科技股份有限公司,	34211074,2000/09/11
1530,亞崴機電股份有限公司,	22224692,2000/09/11
1531,高林股份有限公司,	29538509,2000/09/11
1532,勤美股份有限公司,	03474311,2000/09/11
1533,車王電子股份有限公司,	04827138,2001/04/06
1535,中宇環保工程股份有限公司,	84252401,2001/09/17
1536,和大工業股份有限公司,	52264848,2001/09/17
1537,廣隆光電科技股份有限公司,	23556563,2002/01/22
1538,正峰工業股份有限公司,	44947686,2002/08/26
1539,巨庭機械股份有限公司,	52646207,2002/10/29
1540,喬福機械工業股份有限公司,	52903090,2002/08/26
1541,錩泰工業股份有限公司,	23248433,2003/03/19
1558,伸興工業股份有限公司,	55754185,2014/12/23
1560,中國砂輪企業股份有限公司,	03089008,2005/01/31
1563,巧新科技工業股份有限公司,	84980915,2024/05/13
1568,倉佑實業股份有限公司,	66654986,2014/05/14
1582,信錦企業股份有限公司,	35966577,2009/12/17
1583,程泰機械股份有限公司,	52353530,2008/01/24
1587,吉茂精密股份有限公司,	24157564,2018/04/16
1589,永冠能源科技集團有限公司,	41048746,2012/04/27
1590,亞德客國際集團,	53666460,2010/12/13
1597,直得科技股份有限公司,	16755427,2020/12/23
1598,岱宇國際股份有限公司,	23751545,2016/09/20
1603,中華電線電纜股份有限公司,	35882520,1968/06/03
1604,聲寶股份有限公司,	03607500,1970/12/14
1605,華新麗華股份有限公司,	35412204,1972/11/03
1608,華榮電線電纜股份有限公司,	79460007,1988/07/11
1609,大亞電線電纜股份有限公司,	68035907,1988/12/12
1611,中國電器股份有限公司,	03086001,1990/01/16
1612,宏泰電工股份有限公司,	43125162,1993/05/08
1614,台灣三洋電機股份有限公司,	03564501,1997/09/18
1615,大山電線電纜股份有限公司,	64829434,2000/03/30
1616,億泰電線電纜股份有限公司,	22819700,2000/09/11
1617,榮星電線工業股份有限公司,	73341336,2000/09/11
1618,合機電線電纜股份有限公司,	23206102,2000/09/11
1626,艾美特(開曼)國際有限公司,	34995738,2013/03/21
1702,南僑投資控股股份有限公司,	07305506,1973/05/30
1707,葡萄王生技股份有限公司,	11880517,1982/12/20
1708,東南實業股份有限公司,	11384405,1986/06/16
1709,和益化學工業股份有限公司,	04312878,1986/07/03
1710,東聯化學股份有限公司,	14057995,1987/10/21
1711,臺灣永光化學工業股份有限公司,	15458455,1988/12/27
1712,興農股份有限公司,	51911712,1989/12/14
1713,國泰化工廠股份有限公司,	03375001,1990/01/31
1714,和桐化學股份有限公司,	12526607,1991/08/30
1717,長興材料工業股份有限公司,	75339004,1994/03/31
1718,中國人造纖維股份有限公司,	07066907,1963/12/02
1720,生達化學製藥股份有限公司,	71122503,1995/12/12
1721,三晃股份有限公司,	55738290,1996/05/16
1722,台灣肥料股份有限公司,	03795101,1998/03/24
1723,中鋼碳素化學股份有限公司,	23221384,1998/11/27
1725,元禎企業股份有限公司,	12132033,2000/09/11
1726,永記造漆工業股份有限公司,	75137605,2000/09/11
1727,臺灣中華化學工業股份有限公司,	03558206,2000/09/11
1730,花仙子企業股份有限公司,	07708830,2001/09/17
1731,美吾華股份有限公司,	14089976,2001/09/17
1732,毛寶股份有限公司,	34245356,2001/09/17
1733,五鼎生物技術股份有限公司,	16130182,2001/09/17
1734,杏輝藥品工業股份有限公司,	42042734,2002/08/26
1735,日勝化工股份有限公司,	23263551,2002/08/26
1736,喬山健康科技股份有限公司,	52347361,2003/01/09
1737,臺鹽實業股份有限公司,	89397503,2003/11/18
1752,南光化學製藥股份有限公司,	69275313,2022/01/19
1760,寶齡富錦生技股份有限公司,	04742997,2018/01/23
1762,中化合成生技股份有限公司,	03088704,2010/12/20
1773,勝一化工股份有限公司,	75970680,2009/02/27
1776,展宇科技材料股份有限公司,	47061800,2016/05/09
1783,和康生物科技股份有限公司,	16749811,2013/12/20
1786,科妍生物科技股份有限公司,	13159100,2013/11/12
1789,台灣神隆股份有限公司,	16130161,2011/09/29
1795,美時化學製藥股份有限公司,	11456110,2019/12/16
1802,台灣玻璃工業股份有限公司,	11914002,1973/07/20
1805,寶徠建設股份有限公司,	12179563,1989/10/20
1806,冠軍建材股份有限公司,	49701774,1992/09/29
1808,潤隆建設股份有限公司,	34149369,1994/10/26
1809,中國製釉股份有限公司,	47056834,1996/04/30
1810,和成欣業股份有限公司,	03228304,1991/10/14
1817,凱撒衛浴股份有限公司,	22746550,2013/10/24
1903,士林紙業股份有限公司,	11038101,1963/12/09
1904,正隆股份有限公司,	33085508,1971/09/10
1905,中華紙漿股份有限公司,	94025264,1975/02/07
1906,寶隆國際股份有限公司,	12030606,1976/04/26
1907,永豐餘投資控股股份有限公司,	85066002,1977/02/22
1909,榮成紙業股份有限公司,	34202841,1985/11/19
2002,中國鋼鐵股份有限公司,	30414175,1974/12/26
2006,東和鋼鐵企業股份有限公司,	75280209,1988/07/13
2007,燁興企業股份有限公司,	75992214,1988/10/04
2008,高興昌鋼鐵股份有限公司,	75466009,1988/12/28
2009,第一伸銅科技股份有限公司,	82001528,1989/10/20
2010,春源鋼鐵工業股份有限公司,	11529802,1989/12/22
2012,春雨工廠股份有限公司,	88187108,1991/10/17
2013,中國鋼鐵結構股份有限公司,	85800192,1992/01/21
2014,中鴻鋼鐵股份有限公司,	07838854,1992/02/20
2015,豐興鋼鐵股份有限公司,	55389357,1992/05/25
2017,官田鋼鐵股份有限公司,	72065240,1992/11/02
2020,美亞鋼管廠股份有限公司,	44680700,1993/04/27
2022,聚亨企業股份有限公司,	79841479,1995/03/27
2023,燁輝企業股份有限公司,	75947936,1995/07/28
2024,志聯工業股份有限公司,	43633504,1995/12/30
2025,千興不銹鋼(股)公司,	70005915,1996/02/08
2027,大成不銹鋼工業股份有限公司,	22318348,1996/10/24
2028,威致鋼鐵工業股份有限公司,	69771636,1996/12/13
2029,盛餘股份有限公司,	79837539,1997/01/11
2030,彰源企業股份有限公司,	60330130,1998/12/24
2031,新光鋼鐵股份有限公司,	35836625,2000/09/11
2032,新鋼工業股份有限公司,	34008635,2000/09/11
2033,佳大世界股份有限公司,	72072615,2000/09/11
2034,允強實業股份有限公司,	59068700,2001/09/17
2038,海光企業股份有限公司,	75470524,2008/12/30
2049,上銀科技股份有限公司,	23503047,2009/06/26
2059,川湖科技股份有限公司,	22274989,2008/06/25
2062,橋椿金屬股份有限公司,	59353423,2007/11/16
2069,運錩鋼鐵股份有限公司,	22533297,2016/03/22
2101,南港輪胎股份有限公司,	11520909,1963/11/01
2102,泰豐輪胎股份有限公司,	44721408,1979/07/16
2103,台橡股份有限公司,	03553737,1982/09/25
2104,國際中橡投資控股股份有限公司,	04382114,1986/07/15
2105,正新橡膠工業股份有限公司,	59504506,1987/12/07
2106,建大工業股份有限公司,	59619900,1990/12/20
2107,厚生股份有限公司,	03283306,1992/03/03
2108,南帝化學工業股份有限公司,	12209807,1992/10/27
2109,華豐橡膠工業股份有限公司,	59760104,2000/05/08
2114,鑫永銓股份有限公司,	51704734,2010/12/29
2115,六暉控股股份有限公司,	38773146,2013/12/25
2201,裕隆汽車製造股份有限公司,	03489200,1976/07/08
2204,中華汽車工業股份有限公司,	03098415,1991/03/12
2206,三陽工業股份有限公司,	24004006,1996/07/29
2207,和泰汽車股份有限公司,	03251108,1997/02/25
2208,台灣國際造船股份有限公司,	04695235,2008/12/22
2211,長榮鋼鐵股份有限公司,	81188829,2021/04/12
2227,裕隆日產汽車股份有限公司,	80032530,2004/12/21
2228,劍麟股份有限公司,	04359789,2013/11/25
2231,為升電裝工業股份有限公司,	23219346,2010/11/19
2233,宇隆科技股份有限公司,	22702791,2019/09/17
2236,百達精密工業股份有限公司,	42299452,2015/06/03
2239,開曼英利工業股份有限公司,	47423487,2016/01/27
2241,艾姆勒科技股份有限公司,	53418357,2020/08/26
2243,宏旭控股股份有限公司,	55996613,2017/09/27
2247,汎德永業汽車股份有限公司,	20838245,2020/10/12
2250,第一化成控股(開曼)股份有限公司,	91165085,2021/05/31
2254,巨鎧精密工業股份有限公司,	54297090,2023/10/20
2258,鴻華先進科技股份有限公司,	83167722,2023/11/20
2301,光寶科技股份有限公司,	23357403,1995/11/17
2302,麗正國際科技股份有限公司,	04982433,1985/01/15
2303,聯華電子股份有限公司,	47217677,1985/07/16
2305,全友電腦股份有限公司,	47226140,1988/10/21
2308,台達電子工業股份有限公司,	34051920,1988/12/19
2312,金寶電子工業股份有限公司,	04370927,1989/11/07
2313,華通電腦股份有限公司,	04401392,1990/07/24
2314,台揚科技股份有限公司,	47255762,1990/08/08
2316,楠梓電子股份有限公司,	76026851,1991/02/05
2317,鴻海精密工業股份有限公司,	04541302,1991/06/18
2321,東訊股份有限公司,	47224065,1991/11/08
2323,中環股份有限公司,	12205020,1992/02/17
2324,仁寶電腦工業股份有限公司,	21222725,1992/02/18
2327,國巨股份有限公司,	22636630,1993/10/22
2328,廣宇科技股份有限公司,	03546618,1993/11/09
2329,華泰電子股份有限公司,	89004161,1994/04/20
2330,台灣積體電路製造股份有限公司,	22099131,1994/09/05
2331,精英電腦股份有限公司,	22449566,1994/09/21
2332,友訊科技股份有限公司,	22099189,1994/10/17
2337,旺宏電子股份有限公司,	22099548,1995/03/15
2338,台灣光罩股份有限公司,	22099408,1995/04/17
2340,台亞半導體股份有限公司,	47255947,1995/05/02
2342,台灣茂矽電子股份有限公司,	22099110,1995/09/19
2344,華邦電子股份有限公司,	22099218,1995/10/18
2345,智邦科技股份有限公司,	22099287,1995/11/15
2347,聯強國際股份有限公司,	23060541,1995/12/13
2348,海悅國際開發股份有限公司,	22624873,1996/01/05
2349,錸德科技股份有限公司,	23218873,1996/04/23
2351,順德工業股份有限公司,	58506816,1996/04/25
2352,佳世達科技股份有限公司,	12490306,1996/07/22
2353,宏碁股份有限公司,	20828393,1996/09/18
2354,鴻準精密工業股份有限公司,	23707801,1996/10/08
2355,敬鵬工業股份有限公司,	43816068,1996/10/14
2356,英業達股份有限公司,	04322046,1996/11/13
2357,華碩電腦股份有限公司,	23638777,1996/11/14
2359,所羅門股份有限公司,	23640801,1996/12/19
2360,致茂電子股份有限公司,	09461025,1996/12/21
2362,藍天電腦股份有限公司,	09424319,1997/04/02
2363,矽統科技股份有限公司,	22099202,1997/08/01
2364,倫飛電腦實業股份有限公司,	79883646,1997/08/11
2365,昆盈企業股份有限公司,	05141520,1997/11/03
2367,燿華電子股份有限公司,	05637971,1997/12/13
2368,金像電子(股)公司,	30955404,1998/03/09
2369,菱生精密工業股份有限公司,	55625676,1998/04/10
2371,大同股份有限公司,	11026506,1962/02/09
2373,震旦行股份有限公司,	03568400,1991/08/01
2374,佳能企業股份有限公司,	11394902,1995/01/16
2375,凱美電機股份有限公司,	34230543,1998/08/29
2376,技嘉科技股份有限公司,	22044755,1998/09/24
2377,微星科技股份有限公司,	22178368,1998/10/31
2379,瑞昱半導體股份有限公司,	22671299,1998/10/26
2380,虹光精密工業股份有限公司,	22099759,1998/12/03
2382,廣達電腦股份有限公司,	22822281,1999/01/08
2383,台光電子材料股份有限公司,	86521351,1998/11/27
2385,群光電子股份有限公司,	20954200,1999/01/05
2387,精元電腦股份有限公司,	86244265,1999/01/25
2388,威盛電子股份有限公司,	86870786,1999/03/05
2390,云辰電子開發股份有限公司,	34412092,1999/06/15
2392,正崴精密工業股份有限公司,	22223510,1999/09/20
2393,億光電子工業股份有限公司,	34516147,1999/11/04
2395,研華股份有限公司,	05155853,1999/12/13
2397,友通資訊股份有限公司,	30950652,2000/01/15
2399,映泰股份有限公司,	23826200,1999/12/16
2401,凌陽科技股份有限公司,	23821182,2000/01/27
2402,毅嘉科技股份有限公司,	23588039,2000/01/14
2404,漢唐集成股份有限公司,	20938096,2000/03/14
2405,輔信科技股份有限公司,	20980880,2000/03/17
2406,國碩科技工業股份有限公司,	97178376,2000/04/29
2408,南亞科技股份有限公司,	89390656,2000/08/17
2409,友達光電股份有限公司,	84149738,2000/09/08
2412,中華電信股份有限公司,	96979933,2000/10/27
2413,環隆科技股份有限公司,	52878846,2000/09/11
2414,精技電腦股份有限公司,	12215548,2000/09/11
2415,錩新科技股份有限公司,	44913118,2000/09/11
2417,圓剛科技股份有限公司,	23611974,2000/09/11
2419,仲琦科技股份有限公司,	22029190,2000/09/11
2420,新巨企業股份有限公司,	20970807,2000/09/11
2421,建準電機工業股份有限公司,	81448796,2000/09/11
2423,固緯電子實業股份有限公司,	04735004,2000/09/11
2424,隴華電子股份有限公司,	04926876,2000/09/11
2425,承啟科技股份有限公司,	22332192,2000/09/11
2426,鼎元光電科技股份有限公司,	22434156,2000/09/11
2427,三商電腦股份有限公司,	31275691,2000/09/11
2428,興勤電子工業股份有限公司,	83639504,2000/09/11
2429,銘旺科技股份有限公司,	12206203,2000/09/11
2430,燦坤實業股份有限公司,	69568009,2000/09/11
2431,聯昌電子企業股份有限公司,	35568331,2000/09/11
2432,倚天酷碁股份有限公司,	22089345,2023/05/31
2433,互盛股份有限公司,	12516241,2000/09/11
2434,統懋半導體股份有限公司,	22404266,2000/09/11
2436,偉詮電子股份有限公司,	22099499,2000/09/11
2438,翔耀實業股份有限公司,	12364770,2000/09/11
2439,美律實業股份有限公司,	52375605,2000/09/11
2440,太空梭高傳真資訊科技(股)公司,	01887370,2000/11/10
2441,超豐電子股份有限公司,	05126366,2000/10/26
2442,新美齊股份有限公司,	22006274,2000/11/22
2444,兆勁科技股份有限公司,	89549446,2000/12/08
2449,京元電子股份有限公司,	22507241,2001/05/09
2450,神腦國際企業股份有限公司,	12228473,2001/05/24
2451,創見資訊股份有限公司,	23446187,2001/05/03
2453,凌群電腦股份有限公司,	04967550,2001/05/22
2454,聯發科技股份有限公司,	84149961,2001/07/23
2455,全新光電科技股份有限公司,	97170472,2002/01/24
2457,飛宏科技股份有限公司,	30435973,2001/09/17
2458,義隆電子股份有限公司,	84149224,2001/09/17
2459,敦吉科技股份有限公司,	20863763,2001/09/17
2460,建通精密工業股份有限公司,	84433564,2001/09/17
2461,光群雷射科技股份有限公司,	22099322,2001/09/17
2462,台灣良得電子股份有限公司,	04877657,2001/09/17
2464,盟立自動化股份有限公司,	22099478,2001/09/17
2465,麗臺科技股份有限公司,	22325002,2001/09/19
2466,冠西電子企業股份有限公司,	34348590,2001/09/17
2467,志聖工業股份有限公司,	07618057,2001/09/17
2468,華經資訊企業股份有限公司,	12115702,2001/09/17
2471,資通電腦股份有限公司,	20873360,2001/09/17
2472,立隆電子工業股份有限公司,	52358985,2001/09/17
2474,可成科技股份有限公司,	69905810,2001/09/17
2476,鉅祥企業股份有限公司,	04403568,2001/09/17
2477,美隆工業股份有限公司,	33750329,2001/09/17
2478,大毅科技股份有限公司,	23534301,2001/09/17
2480,敦陽科技股份有限公司,	84218848,2001/09/17
2481,強茂股份有限公司,	22145016,2001/09/17
2482,連宇股份有限公司,	38430938,2001/09/19
2483,百容電子股份有限公司,	52753108,2001/09/17
2484,希華晶體科技股份有限公司,	22771229,2001/09/17
2485,兆赫電子股份有限公司,	12320400,2001/09/17
2486,一詮精密工業股份有限公司,	35866232,2001/09/19
2488,漢平電子工業股份有限公司,	68889236,2001/09/17
2489,瑞軒科技股份有限公司,	84929896,2001/09/17
2491,吉祥全球實業股份有限公司,	89380545,2001/09/19
2492,華新科技股份有限公司,	19004316,2001/09/17
2493,揚博科技股份有限公司,	30929883,2002/01/23
2495,普安科技股份有限公司,	84166074,2002/03/25
2496,卓越成功股份有限公司,	22099786,2002/03/08
2497,怡利電子工業股份有限公司,	59334664,2002/02/04
2498,宏達國際電子股份有限公司,	16003518,2002/03/26
2501,國泰建設股份有限公司,	03374306,1967/10/28
2504,國產建材實業股份有限公司,	24060203,1978/03/14
2505,國揚實業股份有限公司,	11603817,1979/11/14
2506,太平洋建設股份有限公司,	11099009,1980/02/02
2509,全坤建設開發股份有限公司,	04921056,1988/05/20
2511,太子建設開發股份有限公司,	72058206,1991/04/24
2514,龍邦國際興業股份有限公司,	22817273,1992/09/26
2515,中華工程股份有限公司,	75094900,1993/03/02
2516,新亞建設開發股份有限公司,	11762504,1993/05/25
2520,冠德建設股份有限公司,	30900892,1993/10/27
2524,京城建設股份有限公司,	06667446,1994/10/18
2527,宏璟建設股份有限公司,	22344508,1995/03/06
2528,皇普建設股份有限公司,	81271967,1995/03/10
2530,大華建設股份有限公司,	11059409,1995/10/12
2534,宏盛建設股份有限公司,	22221180,1996/02/12
2535,達欣工程股份有限公司,	18997007,1996/03/11
2536,宏普建設股份有限公司,	23113054,1996/03/14
2537,聯上開發股份有限公司,	22659295,1996/09/06
2538,基泰建設股份有限公司,	12251662,1996/11/01
2539,櫻花建設股份有限公司,	22491640,1997/07/16
2540,愛山林建設開發股份有限公司,	22190686,1989/12/26
2542,興富發建設股份有限公司,	12305479,1999/05/03
2543,皇昌營造股份有限公司,	34342717,1999/10/15
2545,皇翔建設股份有限公司,	86379024,2000/09/11
2546,根基營造股份有限公司,	43876760,2000/09/11
2547,日勝生活科技股份有限公司,	12373243,2000/12/22
2548,華固建設股份有限公司,	23358846,2002/08/26
2597,潤弘精密工程事業股份有限公司,	66394146,2010/03/26
2601,益航股份有限公司,	03353007,1965/11/04
2603,長榮海運股份有限公司,	11337775,1987/09/21
2605,新興航運股份有限公司,	11812103,1989/12/08
2606,裕民航運股份有限公司,	47067419,1990/12/08
2607,長榮國際儲運股份有限公司,	04406559,1990/12/14
2608,嘉里大榮物流股份有限公司,	51015548,1990/12/20
2609,陽明海運股份有限公司,	04200199,1992/04/20
2610,中華航空股份有限公司,	11145904,1993/02/26
2611,志信國際股份有限公司,	33853232,1993/10/28
2612,中國航運股份有限公司,	43778070,1994/10/20
2613,中國貨櫃運輸股份有限公司,	39014517,1995/01/20
2614,東森國際股份有限公司,	04964250,1995/09/23
2615,萬海航運股份有限公司,	11395000,1996/05/16
2616,山隆通運股份有限公司,	33983853,1997/11/08
2617,台灣航業股份有限公司,	03564713,1998/06/24
2618,長榮航空股份有限公司,	23225229,2001/09/17
2630,亞洲航空股份有限公司,	11381701,2018/02/22
2633,台灣高速鐵路股份有限公司,	16446274,2016/10/27
2634,漢翔航空工業股份有限公司,	97160544,2014/08/25
2636,台驊國際控股股份有限公司,	22358734,2016/12/22
2637,慧洋海運股份有限公司,	25637751,2010/12/01
2642,台灣宅配通股份有限公司,	70624227,2013/12/12
2645,長榮航太科技股份有限公司,	16097775,2023/03/14
2646,星宇航空股份有限公司,	51712072,2024/10/25
2701,萬華企業股份有限公司,	15415013,1965/03/22
2702,華園飯店股份有限公司,	75560601,1965/02/14
2704,國賓大飯店股份有限公司,	11636802,1982/11/10
2705,六福開發股份有限公司,	11081274,1988/12/24
2706,第一華僑大飯店股份有限公司,	11587957,1991/06/25
2707,晶華國際酒店股份有限公司,	04268726,1998/03/09
2712,遠雄悅來大飯店股份有限公司,	23986016,2013/12/03
2722,夏都國際開發股份有限公司,	89434676,2012/03/14
2723,開曼美食達人股份有限公司,	39682101,2010/11/22
2727,王品餐飲股份有限公司,	84630426,2012/03/06
2731,雄獅旅行社股份有限公司,	04655091,2013/09/24
2739,寒舍餐旅管理顧問股份有限公司,	70471881,2016/05/19
2748,雲品國際酒店股份有限公司,	54023418,2016/11/23
2753,八方雲集國際股份有限公司,	70472679,2021/09/09
2762,世界健身事業有限公司,	94497159,2024/01/24
2801,彰化商業銀行股份有限公司,	51811609,1962/02/15
2809,京城商業銀行股份有限公司,	68921101,1983/07/20
2812,台中商業銀行股份有限公司,	51816908,1984/05/15
2816,旺旺友聯產物保險股份有限公司,	03110001,1992/05/05
2820,中華票券金融股份有限公司,	12198359,1994/10/26
2832,台灣產物保險股份有限公司,	03557115,1997/09/30
2834,臺灣中小企業銀行股份有限公司,	03793407,1998/01/03
2836,高雄銀行股份有限公司,	79854797,1998/05/18
2838,聯邦商業銀行股份有限公司,	86380802,1998/06/29
2845,遠東國際商業銀行股份有限公司,	86517096,1998/11/27
2849,安泰商業銀行股份有限公司,	86928561,1999/09/27
2850,新光產物保險股份有限公司,	03458403,2000/05/22
2851,中央再保險股份有限公司,	11081991,2000/07/06
2852,第一產物保險股份有限公司,	03359109,2000/11/28
2855,統一綜合證券股份有限公司,	23218183,2002/09/16
2867,三商美邦人壽保險股份有限公司,	84443471,2012/12/18
2880,華南金融控股股份有限公司,	70826764,2001/12/19
2881,富邦金融控股股份有限公司,	03374805,2001/12/19
2882,國泰金融控股股份有限公司,	70827406,2001/12/31
2883,凱基金融控股股份有限公司,	70827383,2001/12/28
2884,玉山金融控股股份有限公司,	70796305,2002/01/28
2885,元大金融控股股份有限公司,	70796749,2002/02/04
2886,兆豐金融控股股份有限公司,	70796754,2002/02/04
2887,台新金融控股股份有限公司,	80328055,2002/02/18
2888,新光金融控股股份有限公司,	80328219,2002/02/19
2889,國票金融控股股份有限公司,	80330257,2002/03/26
2890,永豐金融控股股份有限公司,	80333183,2002/05/09
2891,中國信託金融控股股份有限公司,	80333992,2002/05/17
2892,第一金融控股股份有限公司,	80351999,2003/01/02
2897,王道商業銀行股份有限公司,	70745361,2017/05/05
2901,欣欣大眾市場股份有限公司,	11364230,1976/05/07
2903,遠東百貨股份有限公司,	03521905,1978/10/11
2904,匯僑股份有限公司,	12195466,1983/01/05
2905,三商投資控股股份有限公司,	11052709,1988/09/19
2906,高林實業股份有限公司,	11547230,1989/12/26
2908,特力股份有限公司,	20795246,1993/02/18
2910,統領百貨股份有限公司,	20937863,1996/12/30
2911,麗嬰房股份有限公司,	04377371,1997/01/18
2912,統一超商股份有限公司,	22555003,1997/08/22
2913,台灣農林股份有限公司,	07525207,1962/02/09
2915,潤泰全球股份有限公司,	14053007,1977/07/20
2923,鼎固控股有限公司,	31896684,2012/12/07
2929,淘帝國際控股有限公司,	54381224,2013/12/30
2939,永邑國際集團股份有限公司,	72768516,2018/01/11
2945,三商家購股份有限公司,	54164937,2021/11/30
3002,歐格電子股份有限公司,	31306250,2002/01/23
3003,健和興端子股份有限公司,	59276051,2002/02/19
3004,豐達科技股份有限公司(原宏達),	16095404,2002/02/25
3005,神基控股股份有限公司,	22099532,2002/02/25
3006,晶豪科技股份有限公司,	16130280,2002/03/04
3008,大立光電股份有限公司,	22480876,2002/03/11
3010,華立企業股份有限公司,	75514419,2002/07/22
3011,今皓實業股份有限公司,	20950226,2002/07/22
3013,晟銘電子科技股份有限公司,	04777186,2002/09/16
3014,聯陽半導體股份有限公司,	84149717,2002/10/29
3015,全漢企業股份有限公司,	84239055,2002/10/16
3016,嘉晶電子股份有限公司,	16130388,2002/12/24
3017,奇鋐科技股份有限公司,	86427715,2002/09/27
3018,隆銘綠能科技工程股份有限公司,	96924451,2002/08/26
3019,亞洲光學股份有限公司,	55921894,2002/08/26
3021,鴻名企業股份有限公司,	84274833,2002/08/26
3022,威強電工業電腦股份有限公司,	97445303,2002/08/26
3023,信邦電子股份有限公司,	23542766,2002/08/26
3024,憶聲電子股份有限公司,	44955117,2002/08/26
3025,星通資訊股份有限公司,	22099863,2002/08/26
3026,禾伸堂企業股份有限公司,	20891326,2002/08/26
3027,盛達電業股份有限公司,	33659498,2002/08/26
3028,增你強股份有限公司,	12401698,2002/08/26
3029,零壹科技股份有限公司,	30922431,2002/08/26
3030,德律科技股份有限公司,	23292535,2002/10/29
3031,佰鴻工業股份有限公司,	34452164,2002/08/26
3032,偉訓科技股份有限公司,	69577160,2002/08/26
3033,威健實業股份有限公司,	04648938,2002/08/26
3034,聯詠科技股份有限公司,	84149955,2002/08/26
3035,智原科技股份有限公司,	84149060,2002/08/26
3036,文曄科技股份有限公司,	84498860,2002/08/26
3037,欣興電子股份有限公司,	23535435,2002/08/26
3038,全台晶像股份有限公司,	89261652,2002/08/26
3040,遠見科技股份有限公司,	22050221,2002/08/26
3041,揚智科技股份有限公司,	84149054,2002/08/26
3042,台灣晶技股份有限公司,	21204867,2002/08/26
3043,科風股份有限公司,	22485794,2002/08/26
3044,健鼎科技股份有限公司,	86379707,2002/08/26
3045,台灣大哥大股份有限公司,	97176270,2002/08/26
3046,建碁股份有限公司,	97306457,2002/08/26
3047,訊舟科技股份有限公司,	22164580,2002/08/26
3048,益登科技股份有限公司,	97099302,2002/10/01
3049,精金科技股份有限公司,	70750217,2002/09/27
3050,鈺德科技股份有限公司,	84785413,2002/10/29
3051,力特光電科技股份有限公司,	16439169,2002/10/28
3052,夆典科技開發股份有限公司,	20730758,1995/11/25
3054,立萬利創新股份有限公司,	86143822,2002/11/18
3055,蔚華科技股份有限公司,	22729784,2002/12/12
3056,富華創新股份有限公司,	16264908,2003/03/03
3057,喬鼎資訊股份有限公司,	22099738,2002/12/18
3058,立德電子股份有限公司,	38019280,2002/12/09
3059,華晶科技股份有限公司,	97307625,2002/12/24
3060,銘異科技股份有限公司,	30897480,2003/04/21
3062,建漢科技股份有限公司,	16594892,2003/07/28
3090,日電貿股份有限公司,	84116878,2007/12/31
3092,鴻碩精密電工股份有限公司,	86318408,2021/05/13
3094,聯傑國際股份有限公司,	84149759,2007/08/06
3130,一零四資訊科技股份有限公司,	84598349,2006/02/17
3138,耀登科技股份有限公司,	23573774,2020/12/11
3149,正達國際光電股份有限公司,	97049373,2011/11/23
3150,鈺寶科技股份有限公司,	16372688,2024/06/27
3164,景岳生物科技股份有限公司,	12715847,2010/03/22
3167,大量科技股份有限公司,	43938484,2013/10/21
3168,眾福科技股份有限公司,	16274722,2024/03/26
3189,景碩科技股份有限公司,	70785139,2004/11/01
3209,全科科技股份有限公司,	86027892,2008/11/26
3229,晟鈦股份有限公司,	22570840,2009/12/31
3231,緯創資通股份有限公司,	12868358,2003/08/19
3257,虹冠電子工業股份有限公司,	16130417,2011/03/21
3266,昇陽建設企業股份有限公司,	84141187,2014/12/24
3296,勝德國際研發股份有限公司,	12702977,2007/12/31
3305,昇貿科技股份有限公司,	04789211,2008/07/10
3308,聯德電子股份有限公司,	22749711,2008/03/12
3311,閎暉實業股份有限公司,	12956063,2004/03/08
3312,弘憶國際股份有限公司,	89613636,2010/12/29
3321,同泰電子科技股份有限公司,	23983947,2015/12/15
3338,泰碩電子股份有限公司,	89858152,2013/12/13
3346,麗清科技股份有限公司,	16992625,2016/12/19
3356,奇偶科技股份有限公司,	16302558,2005/03/28
3376,新日興股份有限公司,	35424073,2007/12/31
3380,明泰科技股份有限公司,	12800392,2004/12/20
3406,玉晶光電股份有限公司,	23572557,2005/12/20
3413,京鼎精密科技股份有限公司,	12858252,2015/07/28
3416,融程電訊股份有限公司,	96930209,2015/01/23
3419,譁裕實業股份有限公司,	47250470,2008/01/21
3432,台端興業股份有限公司,	22928881,2010/12/30
3437,榮創能源科技股份有限公司,	70634323,2014/07/09
3443,創意電子股份有限公司,	16299879,2006/11/03
3447,展達通訊股份有限公司,	16045290,2022/12/15
3450,聯鈞光電股份有限公司,	12624467,2006/04/12
3454,晶睿通訊股份有限公司,	70703897,2011/07/22
3481,群創光電股份有限公司,	12800225,2006/10/24
3494,誠研科技股份有限公司,	70801588,2007/12/13
3501,維熹科技股份有限公司,	80272361,2007/09/20
3504,揚明光學股份有限公司,	12800061,2007/01/26
3515,華擎科技股份有限公司,	80333613,2007/11/08
3518,柏騰科技股份有限公司,	89732154,2007/11/28
3528,安馳科技股份有限公司,	12676056,2016/05/18
3530,晶相光電股份有限公司,	27298412,2018/07/16
3532,台塑勝高科技股份有限公司,	89406518,2007/12/10
3533,嘉澤端子工業股份有限公司,	22244141,2007/12/10
3535,晶彩科技股份有限公司,	70720798,2008/01/31
3543,州巧科技股份有限公司,	70526133,2020/04/15
3545,敦泰電子股份有限公司,	28069900,2007/07/03
3550,聯穎科技股份有限公司,	22488639,2010/11/10
3557,嘉威生活股份有限公司,	27717512,2008/02/27
3563,牧德科技股份有限公司,	16522758,2019/04/02
3576,聯合再生能源股份有限公司,	27763753,2009/01/12
3583,辛耘企業股份有限公司,	30901647,2013/03/12
3588,通嘉科技股份有限公司,	80254357,2009/08/14
3591,艾笛森光電股份有限公司,	12907747,2010/11/12
3592,瑞鼎科技股份有限公司,	80532726,2022/01/07
3593,力銘科技股份有限公司,	80617029,2009/03/16
3596,智易科技股份有限公司,	12800294,2009/03/11
3605,宏致電子股份有限公司,	97257738,2009/03/26
3607,谷崧精密工業股份有限公司,	23414349,2009/10/28
3617,碩天科技股份有限公司,	97474067,2009/12/23
3622,洋華光電股份有限公司,	80260061,2009/03/25
3645,達邁科技股份有限公司,	70776899,2011/10/05
3652,精聯電子股份有限公司,	28913512,2022/09/21
3653,健策精密工業股份有限公司,	22415854,2009/11/18
3661,世芯電子股份有限公司,	31659649,2014/10/28
3665,貿聯控股(BizLink Holding Inc.),	26644007,2011/04/21
3669,圓展科技股份有限公司,	28428722,2011/08/25
3673,"TPK Holding Co., Ltd.",	31805657,2010/10/29
3679,新至陞科技股份有限公司,	36011776,2011/10/05
3686,達能科技股份有限公司,	28823511,2010/07/20
3694,海華科技股份有限公司,	27667787,2011/05/03
3701,大眾全球投資控股股份有限公司,	27242184,2004/08/30
3702,大聯大控股股份有限公司,	27928328,2005/11/09
3703,欣陸投資控股股份有限公司,	28993629,2010/04/08
3704,合勤投資控股股份有限公司,	28999503,2010/08/16
3705,永信國際投資控股股份有限公司,	53004906,2011/01/03
3706,神達控股股份有限公司,	53677966,2013/09/12
3708,上緯國際投資控股股份有限公司,	43238308,2016/08/31
3711,日月光投資控股股份有限公司,	29187308,2018/04/30
3712,永崴投資控股股份有限公司,	24813370,2018/10/01
3714,富采投資控股股份有限公司,	83202930,2021/01/06
3715,定穎投資控股股份有限公司,	90302792,2022/08/25
3716,中化投資控股股份有限公司,	00227087,2024/09/02
4104,佳醫健康事業股份有限公司,	22854522,2007/12/31
4106,雃博股份有限公司,	23632773,2004/11/08
4108,懷特生技新藥股份有限公司,	16766281,2008/07/16
4119,旭富製藥科技股份有限公司,	22662545,2004/01/07
4133,亞諾法生技股份有限公司,	12974421,2009/12/28
4137,麗豐股份有限公司,	38488868,2013/11/27
4142,國光生物科技股份有限公司,	33259508,2012/05/03
4148,全宇生技控股有限公司,	42527358,2017/06/08
4155,訊映光電股份有限公司,	27453928,2017/12/05
4164,承業生醫投資控股股份有限公司,	24483414,2012/10/24
4190,佐登妮絲集團股份有限公司,	47423851,2015/10/21
4306,炎洲股份有限公司,	35894259,2008/01/21
4414,如興股份有限公司,	49744324,2004/09/06
4426,利勤實業股份有限公司,	16229261,2011/12/16
4438,廣越企業股份有限公司,	89620361,2016/10/18
4439,冠星集團控股有限公司,	76545523,2019/12/05
4440,宜新實業股份有限公司,	54332940,2021/10/25
4526,東台精機股份有限公司,	88120872,2003/09/15
4532,瑞智精密股份有限公司,	23603284,2003/08/04
4536,拓凱實業股份有限公司,	52590175,2013/10/09
4540,全球傳動科技股份有限公司,	29168533,2018/08/15
4545,銘鈺精密工業股份有限公司,	12738623,2016/01/06
4551,智伸科技股份有限公司,	22363342,2015/08/10
4552,力達控股有限公司,	51016510,2016/07/20
4555,台灣氣立股份有限公司,	22301178,2015/10/27
4557,永新控股股份有限公司,	42323896,2015/10/12
4560,強信機械科技股份有限公司,	50721361,2017/05/26
4562,穎漢科技股份有限公司,	28919500,2017/08/21
4564,元翎精密工業股份有限公司,	23019109,2019/03/07
4566,時碩工業股份有限公司,	24262159,2018/02/05
4569,六方科技股份有限公司,	93107034,2023/07/31
4571,鈞興機電國際股份有限公司,	85282254,2019/09/17
4572,駐龍精密機械股份有限公司,	23830154,2019/09/10
4576,大銀微系統股份有限公司,	97413843,2019/09/04
4581,World Known MFG(Cayman)Limited,	87027821,2020/03/09
4583,台灣精銳科技股份有限公司,	70647919,2022/05/09
4588,玖鼎電力資訊股份有限公司,	27736932,2024/01/29
4720,德淵企業股份有限公司,	04465521,2015/06/24
4722,國精化學股份有限公司,	75975242,2012/08/15
4736,泰博科技股份有限公司,	16584326,2023/12/22
4737,華廣生技股份有限公司,	80310225,2010/12/23
4739,康普材料科技股份有限公司,	86757124,2017/09/08
4746,台耀化學股份有限公司,	96922622,2011/03/01
4755,三福化工股份有限公司,	80170651,2013/11/27
4763,濟南大自然新材料股份有限公司,	42328858,2015/11/09
4764,雙鍵化工股份有限公司,	84754072,2018/01/04
4766,南寶樹脂化學工廠股份有限公司,	74229304,2018/11/28
4770,上品綜合工業股份有限公司,	36075449,2021/12/22
4771,望隼科技股份有限公司,	53764125,2024/03/18
4807,日成控股股份有限公司,	42485651,2017/06/26
4904,遠傳電信股份有限公司,	97179430,2005/08/24
4906,正文科技股份有限公司,	22960571,2003/06/30
4912,聯德控股股份有限公司,	26595630,2015/05/21
4915,致伸科技股份有限公司,	28006928,2012/10/05
4916,事欣科技股份有限公司,	13000192,2013/11/21
4919,新唐科技股份有限公司,	28112646,2010/09/27
4927,泰鼎國際股份有限公司,	54384828,2015/09/08
4930,燦星網通股份有限公司,	28986660,2010/06/21
4934,太極能源科技股份有限公司,	28675574,2011/08/16
4935,茂林光電科技(開曼)股份有限公司,	26797925,2011/07/28
4938,和碩聯合科技股份有限公司,	28689155,2010/06/24
4942,嘉彰股份有限公司,	22164527,2011/06/27
4943,開曼康而富控股股份有限公司,	26320984,2016/11/11
4949,有成精密股份有限公司,	80581850,2024/05/09
4952,凌通科技股份有限公司,	80741441,2011/11/01
4956,光鋐科技股份有限公司,	28334226,2011/10/24
4958,臻鼎科技控股股份有限公司,	26392564,2011/12/26
4960,誠美材料科技股份有限公司,	27790294,2011/10/24
4961,天鈺科技股份有限公司,	84149499,2018/10/17
4967,十銓科技股份有限公司,	97418375,2019/01/14
4968,立積電子股份有限公司,	80661880,2015/11/13
4976,佳凌科技股份有限公司,	70848492,2012/11/20
4977,眾達科技股份有限公司,	31922986,2013/11/20
4989,李長榮科技股份有限公司,	97173920,2018/06/28
4994,傳奇網路遊戲股份有限公司,	12975809,2013/12/25
4999,鑫禾科技股份有限公司,	13012009,2013/06/03
5007,三星科技股份有限公司,	68040606,2011/09/16
5203,訊連科技股份有限公司,	23829868,2004/09/27
5215,科嘉(開曼)股份有限公司,	31618486,2011/12/26
5222,全訊科技股份有限公司,	16130296,2021/10/25
5225,東科控股股份有限公司,	37750975,2012/11/05
5234,達興材料股份有限公司,	28357108,2012/07/16
5243,乙盛精密工業股份有限公司,	01895435,2013/11/25
5244,弘凱光電股份有限公司,	27877550,2022/01/19
5258,虹堡科技股份有限公司,	84188062,2016/12/30
5269,祥碩科技股份有限公司,	80688184,2012/12/12
5283,禾聯碩股份有限公司,	80333058,2019/05/24
5284,經寶精密控股股份有限公司,	41173259,2017/03/09
5285,界霖科技股份有限公司,	12636560,2014/02/25
5288,開曼商豐祥控股股份有限公司,	38582821,2014/09/25
5292,華懋科技股份有限公司,	23492169,2023/11/21
5306,桂盟國際股份有限公司,	22099483,2022/03/08
5388,中磊電子股份有限公司,	86690573,2007/12/03
5434,崇越科技股份有限公司,	23621614,2003/08/25
5469,瀚宇博德股份有限公司,	23225071,2003/08/25
5471,松翰科技股份有限公司,	97063584,2003/08/25
5484,慧友電子股份有限公司,	89639615,2003/08/25
5515,建國工程股份有限公司,	46298200,2003/10/06
5519,隆大營建事業股份有限公司,	85898033,2014/02/10
5521,工信工程股份有限公司,	03028404,2012/12/18
5522,遠雄建設事業股份有限公司,	04673318,2007/08/06
5525,順天建設股份有限公司,	22764965,2004/11/26
5531,鄉林建設事業股份有限公司,	23641822,2005/01/31
5533,皇鼎建設開發股份有限公司,	23988653,2008/04/30
5534,長虹建設股份有限公司,	04633597,2004/05/24
5538,開曼東明控股股份有限公司,	02769941,2013/12/16
5546,永固集團股份有限公司,	77211448,2020/05/20
5607,遠雄自貿港投資控股股份有限公司,	86121030,2004/12/02
5608,四維航業股份有限公司,	12551801,2003/08/25
5706,鳳凰國際旅行社股份有限公司,	11322915,2011/10/21
5871,中租控股股份有限公司,	26389569,2011/12/13
5876,上海商業儲蓄銀行股份有限公司,	03036306,2018/10/19
5880,合作金庫金融控股股份有限公司,	53021433,2011/12/01
5906,台南生活(開曼)股份有限公司,	36855058,2011/10/24
5907,Grand Ocean RetailGroupLimited,	53013068,2012/06/06
6005,群益金鼎證券股份有限公司,	22956035,2005/11/21
6024,群益期貨股份有限公司,	97176335,2017/10/16
6108,競國實業股份有限公司,	36084833,2008/12/30
6112,邁達特數位股份有限公司,	16428796,2003/08/04
6115,鎰勝工業股份有限公司,	22304288,2004/07/19
6116,瀚宇彩晶股份有限公司,	16450500,2004/09/06
6117,迎廣科技股份有限公司,	09497109,2003/08/25
6120,達運精密工業股份有限公司,	23504361,2006/09/13
6128,上福全球科技股份有限公司,	56625344,2003/06/16
6133,金橋科技股份有限公司,	04865462,2003/08/15
6136,富爾特科技股份有限公司,	86616791,2003/08/25
6139,亞翔工程股份有限公司,	12204275,2003/08/25
6141,柏承科技股份有限公司,	23750095,2003/10/22
6142,友勁科技股份有限公司,	22099744,2003/08/04
6152,百一電子股份有限公司,	89549585,2009/12/08
6153,嘉聯益科技股份有限公司,	86980046,2008/01/21
6155,鈞寶電子工業股份有限公司,	22306130,2006/08/18
6164,華興電子工業股份有限公司,	34168978,2008/10/21
6165,浪凡網路科技股份有限公司,	04386575,2003/08/04
6166,凌華科技股份有限公司,	89593343,2004/11/08
6168,宏齊科技股份有限公司,	89358419,2003/08/25
6176,瑞儀光電股份有限公司,	22101208,2007/05/15
6177,達麗建設事業股份有限公司,	04477420,2013/08/01
6183,關貿網路股份有限公司,	97162640,2011/12/01
6184,大豐有線電視股份有限公司,	96974228,2005/02/15
6189,豐藝電子股份有限公司,	22151585,2004/05/24
6191,精成科技股份有限公司,	81069921,2007/10/19
6192,巨路國際股份有限公司,	14033663,2004/09/27
6196,帆宣系統科技股份有限公司,	23145632,2004/05/24
6197,佳必琪國際股份有限公司,	86701804,2004/11/08
6201,亞弘電科技股份有限公司,	73710056,2004/09/27
6202,盛群半導體股份有限公司,	16130330,2004/09/27
6205,詮欣股份有限公司,	22115625,2008/01/21
6206,飛捷科技股份有限公司,	21230513,2004/08/03
6209,今國光學工業股份有限公司,	56654500,2004/11/08
6213,聯茂電子股份有限公司,	97179403,2008/01/21
6214,精誠資訊股份有限公司,	97311466,2010/12/30
6215,和椿科技股份有限公司,	12304443,2007/12/31
6216,居易科技股份有限公司,	16242320,2004/09/27
6224,聚鼎科技股份有限公司,	16433242,2009/09/17
6225,天瀚科技股份有限公司,	16253228,2004/09/27
6226,光鼎電子股份有限公司,	22601800,2008/11/10
6230,尼得科超眾科技股份有限公司,	34005476,2010/09/16
6235,華孚科技股份有限公司,	35383165,2004/08/23
6239,力成科技股份有限公司,	16082267,2004/11/08
6243,迅杰科技股份有限公司,	16505809,2009/12/17
6257,矽格股份有限公司,	23218022,2003/08/25
6269,台郡科技股份有限公司,	16347324,2003/09/23
6271,同欣電子工業股份有限公司,	04226986,2007/11/16
6277,宏正自動科技股份有限公司,	12403422,2003/10/30
6278,台灣表面黏著科技股份有限公司,	23722471,2010/08/24
6281,全國電子股份有限公司,	22006252,2005/12/08
6282,康舒科技股份有限公司,	12341051,2003/09/08
6283,淳安電子股份有限公司,	89827686,2008/01/21
6285,啟碁科技股份有限公司,	97331723,2003/09/22
6288,聯嘉光電股份有限公司,	89396315,2018/05/09
6405,悅城科技股份有限公司,	27340208,2013/11/28
6409,旭隼科技股份有限公司,	28865032,2014/03/31
6412,群光電能科技股份有限公司,	24284436,2013/11/08
6414,樺漢科技股份有限公司,	70380046,2014/03/28
6415,矽力杰股份有限公司,	02906023,2013/12/12
6416,瑞祺電通股份有限公司,	28488592,2018/04/16
6423,億而得微電子股份有限公司,	12894399,2024/05/15
6426,統新光訊股份有限公司,	13111161,2021/03/24
6431,光麗生技控股股份有限公司,	41181265,2014/12/04
6438,迅得機械股份有限公司,	70753397,2021/01/19
6442,光紅建聖股份有限公司,	97119975,2015/07/14
6443,元晶太陽能科技股份有限公司,	28997300,2015/10/01
6446,藥華醫藥股份有限公司,	70557655,2024/01/25
6449,鈺邦科技股份有限公司,	28064644,2014/12/09
6451,訊芯科技控股股份有限公司,	38649225,2015/01/26
6456,GIS Holding Limited,	41420316,2015/06/12
6464,台灣數位光訊科技股份有限公司,	28371951,2015/12/16
6472,保瑞藥業股份有限公司,	28684877,2023/12/19
6477,安集科技股份有限公司,	28580346,2016/06/21
6491,晶碩光學股份有限公司,	25021158,2019/10/07
6504,南六企業股份有限公司,	75989858,2013/05/07
6505,台塑石化股份有限公司,	86522210,2003/12/26
6515,穎崴科技股份有限公司,	13145774,2021/01/20
6525,捷敏股份有限公司,	49791260,2016/04/12
6526,達發科技股份有限公司,	12883169,2023/10/19
6531,愛普科技股份有限公司,	53503847,2016/05/31
6533,晶心科技股份有限公司,	27638046,2017/03/14
6534,正瀚生技股份有限公司,	54313303,2023/12/21
6541,泰福生技股份有限公司,	24797816,2017/10/26
6550,北極星藥業集團股份有限公司,	24792045,2022/06/06
6552,易華電子股份有限公司,	76025826,2017/01/10
6558,興能高科技股份有限公司,	97430131,2018/12/05
6573,虹揚發展科技股份有限公司,	53016234,2017/09/26
6579,研揚科技股份有限公司,	53113073,2017/08/21
6581,台灣鋼聯股份有限公司,	89528054,2018/01/30
6582,申豐特用應材股份有限公司,	85841102,2017/06/14
6585,鼎基先進材料股份有限公司,	81486019,2022/05/20
6591,動力科技股份有限公司,	42461124,2017/12/28
6592,和潤企業股份有限公司,	16844548,2019/12/09
6598,Applied BioCode Corporation,	42545659,2020/06/09
6605,帝寶工業股份有限公司,	59347422,2004/03/17
6606,建德工業股份有限公司,	35309102,2023/03/24
6625,必應創造股份有限公司,	54663862,2018/02/07
6641,基士德科技股份有限公司,	82703128,2018/09/21
6645,金萬林企業股份有限公司,	27348877,2023/12/21
6655,科定企業股份有限公司,	80214519,2018/11/28
6657,華安醫學股份有限公司,	53726093,2023/06/12
6658,聯策科技股份有限公司,	13079649,2023/11/02
6666,羅麗芬控股股份有限公司,	82230260,2018/11/19
6668,中揚光電股份有限公司,	54258218,2018/12/12
6669,緯穎科技服務股份有限公司,	53687704,2019/03/27
6670,復盛應用科技股份有限公司,	53091900,2018/12/18
6671,三能集團控股股份有限公司,	82517356,2018/12/11
6672,騰輝電子國際集團股份有限公司,	72952251,2019/04/17
6674,鋐寶科技股份有限公司,	24456541,2018/11/28
6689,伊雲谷數位科技股份有限公司,	54359763,2022/09/13
6691,洋基工程股份有限公司,	30921756,2022/01/03
6695,芯鼎科技股份有限公司,	28112890,2022/11/04
6698,旭暉應用材料股份有限公司,	28722767,2019/11/25
6706,惠特科技股份有限公司,	70697332,2019/12/19
6715,嘉基科技股份有限公司,	53431627,2019/12/12
6719,力智電子股份有限公司,	27983551,2022/01/13
6742,澤米科技股份有限公司,	80137437,2023/12/05
6743,安普新股份有限公司,	16540496,2020/12/14
6753,龍德造船工業股份有限公司,	40607762,2023/03/10
6754,匯僑室內裝修設計股份有限公司,	24775812,2020/08/25
6756,威鋒電子股份有限公司,	29125676,2020/12/24
6757,台灣虎航股份有限公司,	54381049,2023/08/15
6768,志強國際企業股份有限公司,	88173202,2021/04/22
6770,力晶積成電子製造股份有限公司,	28112667,2021/12/06
6771,平和環保科技股份有限公司,	28371018,2024/05/17
6776,展碁國際股份有限公司,	20773257,2021/03/31
6781,"AES Holding Co., Ltd.",	87546197,2021/03/22
6782,視陽光學股份有限公司,	16693062,2022/11/28
6789,采鈺科技股份有限公司,	80601119,2022/06/30
6790,永豐餘消費品實業股份有限公司,	22327037,2021/09/29
6792,詠業科技股份有限公司,	22864367,2021/12/08
6794,向榮生醫科技股份有限公司,	50753953,2024/05/21
6796,晉弘科技股份有限公司,	28113005,2022/06/01
6799,來頡科技股份有限公司,	53089904,2022/05/12
6805,富世達股份有限公司,	12871564,2023/11/09
6806,森崴能源股份有限公司,	28653781,2021/11/15
6807,峰源集團股份有限公司,	91616069,2022/04/25
6830,汎銓科技股份有限公司,	27853425,2022/08/31
6834,天二科技股份有限公司,	83360971,2022/09/01
6835,圓裕企業股份有限公司,	34417836,2022/11/10
6838,台新藥股份有限公司,	53273211,2024/08/13
6854,PlayNitride Inc.,	91663750,2022/08/18
6861,睿生光電股份有限公司,	69764396,2023/03/27
6862,三集瑞科技國際集團股份有限公司,	91363753,2024/10/23
6863,Arizon RFID Technology,	91908050,2023/03/21
6869,雲豹能源科技股份有限公司,	42852207,2023/03/14
6873,泓德能源科技股份有限公司,	45877096,2024/09/26
6885,全福生物科技股份有限公司,	54346233,2024/12/16
6890,來億興業股份有限公司,	80047713,2024/06/12
6901,鑽石生技投資股份有限公司,	53663724,2023/09/19
6902,走著瞧股份有限公司,	53755364,2023/07/13
6906,現觀科技股份有限公司,	85017777,2024/01/15
6914,阜爾運通股份有限公司,	12681939,2024/05/03
6916,華凌光電股份有限公司,	16527682,2023/12/05
6919,康霈生技股份有限公司,	53942917,2024/10/02
6923,中台資源科技股份有限公司,	12862116,2024/09/25
6924,榮惠集團(開曼)股份有限公司,	00532122,2024/12/03
6928,攸泰科技股份有限公司,	53347451,2024/05/16
6933,艾瑪斯科技控股股份有限公司,	92778956,2023/11/08
6937,天虹科技股份有限公司,	80211920,2023/12/12
6949,沛爾生技醫藥股份有限公司,	59229683,2024/03/08
6951,青新環境工程股份有限公司,	16952840,2024/06/18
6952,大武山牧場科技股份有限公司,	28554142,2024/06/13
6955,邦睿生技股份有限公司,	42686138,2024/12/06
6957,裕慶金屬股份有限公司,	54965803,2024/06/25
6958,日盛台駿國際租賃股份有限公司,	20896434,2024/08/20
6962,ITH Corporation,	95168979,2024/11/26
6969,成信實業股份有限公司,	85031237,2024/09/09
6988,威力暘電子股份有限公司,	28950255,2024/10/23
7705,三商餐飲股份有限公司,	97301707,2024/11/26
7722,連加網路商業股份有限公司,	24941093,2024/12/05
8011,台通光電股份有限公司,	12362365,2011/09/19
8016,矽創電子股份有限公司,	86735240,2003/12/25
8021,尖點科技股份有限公司,	96912835,2008/01/21
8028,昇陽國際半導體股份有限公司,	84149884,2018/07/10
8033,雷虎科技股份有限公司,	52541175,2007/06/21
8039,台虹科技股份有限公司,	16198345,2009/12/17
8045,達運光電股份有限公司,	86880449,2024/12/11
8046,南亞電路板股份有限公司,	16096804,2006/04/07
8070,長華電材股份有限公司,	23307811,2007/12/31
8072,陞泰科技股份有限公司,	97092770,2005/08/19
8081,致新科技股份有限公司,	84149723,2008/12/30
8101,華冠通訊股份有限公司,	70747852,2004/07/01
8103,瀚荃股份有限公司,	23632274,2009/09/29
8104,錸寶科技股份有限公司,	70766576,2019/01/17
8105,凌巨科技股份有限公司,	16432742,2006/12/27
8110,華東科技股份有限公司,	22101116,2007/10/31
8112,至上電子股份有限公司,	22368959,2007/12/31
8114,振樺電子股份有限公司,	12514341,2012/11/26
8131,福懋科技股份有限公司,	23826736,2007/11/29
8150,南茂科技股份有限公司,	16130042,2014/04/11
8162,微矽電子股份有限公司,	22579547,2024/03/07
8163,達方電子股份有限公司,	16081507,2007/11/28
8201,無敵科技股份有限公司,	23163259,2007/10/29
8210,勤誠興業股份有限公司,	05143647,2011/12/01
8213,志超科技股份有限公司,	70801378,2009/12/25
8215,明基材料股份有限公司,	16549778,2010/11/12
8222,寶一科技股份有限公司,	04431804,2015/01/27
8249,菱光科技股份有限公司,	16596646,2005/05/17
8261,富鼎先進電子股份有限公司,	16550923,2009/12/11
8271,宇瞻科技股份有限公司,	97444368,2010/12/29
8341,日友環保科技股份有限公司,	89922041,2015/03/23
8367,建新國際股份有限公司,	23250583,2018/09/12
8374,羅昇企業股份有限公司,	12486062,2008/12/25
8404,百和興業股份有限公司(開曼),	26829193,2011/05/18
8411,福貞控股股份有限公司,	10913602,2011/11/01
8422,可寧衛股份有限公司,	16908140,2011/10/05
8429,金麗集團控股有限公司,	36986397,2012/12/20
8438,昶昕實業股份有限公司,	23509611,2022/03/11
8442,威宏控股股份有限公司,	50684485,2016/11/08
8443,阿瘦實業股份有限公司,	80511709,2014/09/15
8454,富邦媒體科技股份有限公司,	27365925,2014/12/19
8462,柏文健康事業股份有限公司,	27693238,2019/03/15
8463,潤泰精密材料股份有限公司,	86871981,2015/07/13
8464,億豐綜合工業股份有限公司,	28696894,2015/12/22
8466,美吉吉國際股份有限公司,	50640945,2016/11/01
8467,波力環球企業股份有限公司,	47442040,2015/12/15
8473,山林水環境工程股份有限公司,	27329077,2016/09/08
8476,台境企業股份有限公司,	80369745,2023/10/31
8478,東哥企業股份有限公司,	85798816,2017/12/11
8481,政伸企業股份有限公司,	22396792,2017/02/24
8482,商億全球控股有限公司,	82172064,2018/08/15
8487,愛爾達科技股份有限公司,	70542247,2024/03/26
8488,吉源控股股份有限公司,	47848647,2016/12/13
8499,鼎炫投資控股股份有限公司,	72780928,2017/11/24
8926,台灣汽電共生股份有限公司,	86685142,2003/08/25
8940,新天地國際實業股份有限公司,	84435578,2009/05/15
8996,高力熱處理工業股份有限公司,	35319185,2014/02/14
9103,美德向邦醫療國際股份有限公司,	00000000,2002/12/13
910322,康師傅控股有限公司,	00000000,2009/12/16
9105,泰金寶科技股份有限公司,	00000000,2003/09/22
910861,神州數碼控股有限公司,	00000000,2010/11/24
9110,越南製造加工出口控股有限公司,	00000000,2009/12/03
911608,明輝環球企業有限公司,	26264842,2010/10/20
911622,聚亨企業集團(泰國)大眾有限公司,	26064801,2011/09/29
911868,同方友友控股有限公司,	00000000,2009/12/22
912000,晨訊科技集團有限公司,	00000000,2011/04/25
9136,巨騰國際控股有限公司,	00000000,2009/05/25
9802,鈺齊國際股份有限公司,	39737838,2012/10/18
9902,台火開發股份有限公司,	03562308,1964/07/14
9904,寶成工業股份有限公司,	58711014,1990/01/19
9905,大華金屬工業股份有限公司,	04403363,1990/08/08
9906,欣巴巴事業股份有限公司,	33428716,1990/12/15
9907,統一實業股份有限公司,	73252657,1991/01/29
9908,大台北區瓦斯股份有限公司,	11072304,1991/02/06
9910,豐泰企業股份有限公司,	63400932,1992/02/18
9911,台灣櫻花股份有限公司,	23113940,1992/07/16
9912,偉聯科技股份有限公司,	20792640,1992/08/08
9914,美利達工業股份有限公司,	59052361,1992/09/30
9917,中興保全科技股份有限公司,	12148598,1993/12/08
9918,欣欣天然氣股份有限公司,	33665843,1994/04/26
9919,康那香企業股份有限公司,	74231126,1994/11/04
9921,巨大機械工業股份有限公司,	56054251,1994/12/29
9924,台灣福興工業股份有限公司,	75706009,1995/03/15
9925,台灣新光保全股份有限公司,	12261768,1995/12/09
9926,新海瓦斯股份有限公司,	35433242,1998/04/08
9927,泰銘實業股份有限公司,	79875202,1999/03/12
9928,中國電視事業股份有限公司,	18556774,1999/08/09
9929,秋雨創新股份有限公司,	69439272,1999/06/28
9930,中聯資源股份有限公司,	86119908,1999/11/22
9931,欣高石油氣股份有限公司,	79882718,2000/03/21
9933,中鼎工程股份有限公司,	20817282,1993/05/28
9934,成霖企業股份有限公司,	30899261,2000/09/11
9935,慶豐富實業股份有限公司,	59198197,2000/09/11
9937,全國加油站股份有限公司,	22958907,2000/09/11
9938,台灣百和工業股份有限公司,	09468343,2001/01/12
9939,宏全國際股份有限公司,	58176511,2001/03/02
9940,信義房屋股份有限公司,	22354940,2001/09/17
9941,裕融企業股份有限公司,	23528130,2001/09/17
9942,茂順密封元件科技股份有限公司,	61904541,2002/01/28
9943,好樂迪股份有限公司,	84256265,2002/08/26
9944,新麗企業股份有限公司,	33375909,2002/08/26
9945,潤泰創新國際股份有限公司,	12139612,1992/04/30
9946,三發地產股份有限公司,	84466749,2013/09/17
9955,佳龍科技工程股份有限公司,	97211972,2008/01/21
9958,世紀鋼鐵結構股份有限公司,	22649001,2008/03/12
